


USE cars_tk_db;

-- скрипты наполнения БД данными;

INSERT into Category (category_id, name)
VALUES (1, 'седан'),
       (2, 'универсал'),
       (3, 'хэтчбэк');

INSERT INTO Users
VALUES ('Александр'),
       ('Борис'),
       ('Виктор'),
       ('Геннадий'),
       ('Дмитрий'),
       ('Евгений'),
       ('Жанна'),
       ('Заур'),
       ('Ирина'),
       ('Ксения');

INSERT INTO Driver
VALUES (1, 'Филипп', 'Кирковов', '9057002525'),
       (2, 'Николай', 'Басков', '9018881234'),
       (3, 'Полина', 'Гагарина', '9991006352'),
       (4,'Дмитрий', 'Нагиев', '9105005050'),
       (5, 'Робби', 'Уильямс', '9250001289'),
       (6, 'Николас', 'Кейдж', '9097771897'),
       (7, 'Джуд', 'Лоу', '9012345678'),
       (8, 'Андрей', 'Малахов', '9990171551'),
       (9,'Тина', 'Канделаки', '9152203355'),
       (10, 'Игорь', 'Верник', '9260107788');


INSERT INTO Region
VALUES (1, 'Ставропольский край'),
       (2, 'Москва'),
       (3, 'Московская область'),
       (4, 'Санкт-Петербург'),
       (5, 'Московская область'),      
       (6, 'Ростовская область'),
       (7, 'Адыгея'),
       (8, 'Краснодарский край'),
       (9, 'Брянская область'),
       (10, 'Адыгея');

INSERT INTO Optional
VALUES (1, 'Ткань'),
       (2, 'Велюр'),
       (3, 'Кожа');

INSERT INTO Cars
VALUES ('0', '1', '5', '1', 'а333рт26', 'Белый', 'BMW', 'X5', '500000'),
       ('1', '1', '1', '2', 'м750мс77', 'Черный', 'AUDI', 'A6', '258000'),
       ('2', '3', '7', '3', 'т789тт50', 'Синий', 'Mercedes', 'E200', '540000'),
       ('3', '2', '3', '4', 'м300вх78', 'Зеленный', 'Toyota', 'Camry', '650000'),
       ('4', '1', '4', '5', 'е678вв90', 'Красный', 'Nissan', 'Patrol', '955000'),
       ('5', '2', '2', '6', 'к461кр61', 'Серый', 'Skoda', 'Octavia', '780000'),
       ('6', '3', '6', '7', 'м808ск01', 'Желтый', 'Mazda', 'CX9', '690000'),
       ('7', '3', '9', '8', 'р001мм93', 'Розовый', 'Mini', 'Cooper', '800000'),
       ('8', '3', '10', '9', 'с515тк32', 'Белый', 'Ford', 'Mondeo', '320000'),
       ('9', '1', '8', '10', 'в470мр01', 'Синий', 'RollsRoice', 'Fantom', '435000');

INSERT INTO CarsMeta
VALUES (1, 0, 3.0 , 2020, 1700),
       (2, 1, 2.5, 2015, 183000),
       (3, 2, 2.2, 2011, 50125),
       (4, 3, 3.5, 2016, 37500),
       (5, 4, 5.7, 2001, 18000),
       (6, 5, 1.8, 1999, 225000),
       (7, 6, 2.0, 2003, 148900),
       (8, 7, 1.5, 2014, 60230),
       (9, 8, 2.3, 2012, 47890),
       (10, 9, 6.0, 2017, 85400); 
      
INSERT INTO Photos
VALUES (0, 'photo100'),
       (1, 'photo101'),
       (2, 'photo102'),
       (3, 'photo103'),
       (4, 'photo104'),
       (5, 'photo105'),
       (6, 'photo106'),
       (7, 'photo107'),
       (8, 'photo108'),
       (9, 'photo109');     
      
INSERT INTO cars2optional
VALUES (0, 1),
       (1, 2),
       (2, 3),
       (3, 2),
       (4, 1),
       (5, 3),
       (6, 3),
       (7, 2),
       (8, 1),
       (9, 2);       

INSERT INTO Reserv
VALUES (0, 'Александр'),
       (1, 'Борис'),
       (2, 'Виктор'),
       (3, 'Геннадий'),
       (4, 'Дмитрий'),
       (5, 'Евгений'),
       (6, 'Жанна'),
       (7, 'Заур'),
       (8, 'Ирина'),
       (9, 'Ксения');      
